MDS1,MDS2
-9905.496283790784,4662.38944416991
-9168.600005861532,4889.609288315768
-7764.00467797273,5596.936449756831
-6914.582911481265,4771.651411353362
-7220.59240485674,4524.893106292276
-7176.425804458381,4152.798364623413
-6772.1580428878515,4051.3049640152626
-6616.242650357775,4405.696775472906
-6603.419173122027,3943.266287636963
-6462.375928184226,3869.31026490076
-6283.284312524694,3833.910551159266
-5947.2921371691,3901.351115659107
-5975.72273447609,3882.454763996946
-5918.426867407113,3814.6828615931126
-5969.818850313432,3757.3131019398547
-5895.89015465455,3787.0079385683707
-5823.331807657761,3798.911050933473
-5836.60211614484,3796.7004379835957
-5837.653680469139,3658.144733679138
-5736.084286306724,3727.3815866878535
-5783.33423599987,3595.099533757096
-5489.646066764066,3604.23188771083
-5370.658867101926,3199.7088348039083
-5359.404392592263,3332.943368110186
-5305.916484449569,3414.991387577631
-5340.674496405841,3327.9628730983422
-5234.877133649518,3379.2132731552406
-5289.729212705798,3330.2107440492514
-5153.209764355034,3316.8283762793917
-5245.297295676134,3274.8593725494584
-5163.357743004161,3236.7395521186027
-5044.042937032193,3283.2495040779027
-5100.459050800784,3223.002387380233
-5070.855418106698,3238.380152322354
-4989.012031360887,3210.1104374985375
-5004.505449095569,3143.4924725899045
-4940.764542969275,3064.265920747535
-4934.552382599943,3067.4172239731047
-4906.715575784749,3132.0858209003363
-4916.2874595239255,3155.956377134944
-4901.901682393293,3054.386256903322
-4944.806329815998,3095.475493177864
-4851.2027959763445,2990.9922122823846
-4732.410265852512,3010.688537996843
-4840.880382816248,3062.084980298205
-4747.667733679954,2968.893731366274
-4675.027163382229,2938.4796925267055
-4675.342102957643,2956.679128247269
-4531.006050828606,2975.4105129283002
-4669.174520640929,2992.5374576048166
-4642.8184714736235,2893.741773083592
-4648.286689271724,2945.4156142926213
-4594.8884777701505,2928.053853404069
-4602.800829517724,2867.3461728189113
-4560.368962613414,2838.6723926571476
-4483.00804229039,2876.002637905156
-4420.937503205124,2843.728630614125
-4571.967009122061,2856.352338339978
-4434.238702349086,2776.545807877538
-4426.769559369327,2756.374242329885
-4343.736055219235,2722.571768134202
-4351.104310169504,2748.5219665297395
-4338.318235982327,2727.2459637243746
-4170.479001018191,2775.225171567418
-4235.186372771813,2733.552280220095
-4306.423609313253,2682.4383511425685
-4149.071959278976,2668.733806290974
-4228.122228633708,2685.3601698557304
-4133.928072838134,2611.564173183702
-4092.436417217152,2632.4366921173396
-4105.258993977426,2602.627738818912
-4042.5862052872994,2619.945303970084
-3978.6798119136847,2589.71749349034
-4014.608865032102,2609.0086175185897
-3980.695426320762,2597.642404543065
-3988.5612370937833,2557.3037268112166
-4011.0034448415263,2549.76221519879
-3938.1314030205276,2536.4163849373936
-3878.6479511499037,2526.9908064642973
-3850.712830128477,2527.3979271835833
-3892.5406296885976,2496.0528603500547
-3863.699684980419,2485.9650320670244
-3728.8744364475046,2453.884186556912
-3839.5210120218676,2435.51854988461
-3682.5203753571245,2474.612564610786
-3737.8473812020466,2456.0925625609625
-3723.7538281517664,2224.8669034900327
-3609.4378643637174,2438.904603961899
-3608.0997946421285,2421.2389600153847
-3690.02933334903,2398.1014305611466
-3768.917851701868,2382.2029666201156
-3717.018817849466,2388.6701640160413
-3654.3532233723977,2335.224568419191
-3716.973850113351,2364.05057793033
-3634.6715860904,2330.683878800138
-3673.199442775719,2389.505066532201
-3683.305359953556,2381.8014726730207
-3584.2500304370224,2338.8098929980715
-3679.7557668616796,2338.2689910638833
-3619.1969364249644,2330.9700870399574
-3603.0526894847058,2284.5661515830825
-3518.7787691837866,2237.101046260516
-3546.763382351828,2338.833892083646
-3492.4652422895438,2273.545943353334
-3431.585885549036,2194.0161653687587
-3482.3828680168867,2230.643252393765
-3420.2470859201567,2252.8086832758318
-3335.6311782676253,1967.8960499014197
-3316.29902119834,2154.1265336997094
-3267.4462720446495,2183.384218148712
-3316.125833913852,2139.8082737776867
-3354.476375303571,2233.0928935953134
-3276.484200386467,2016.7979472730312
-3318.9904143535728,2199.85876253015
-3293.3219199950386,2162.4240650191105
-3240.016273461158,2145.9936791256137
-3224.7780793099196,2118.494630693036
-3260.3264324792053,2114.7706247436
-3233.2328021530293,2133.1764298992334
-3199.316928827139,2072.897533417332
-3239.8253755404494,2107.2062970698785
-3192.7179908587336,2079.3135572195083
-3243.059496610415,2103.5793426390605
-3209.4009948456305,2132.521688431876
-3173.5806548759783,2084.332806445814
-3172.7769802640196,2104.2055962736536
-3201.8822082973657,2069.3175826966985
-3149.993816239161,2115.191218584842
-3115.5251575642524,2059.01349216556
-3122.413996652214,2033.7652918063638
-3034.3296462095514,2018.3892146063736
-3082.3899304938186,2042.4087281821571
-3051.091414680439,1988.3242181724222
-3013.9898024612617,1985.9974976860385
-3065.395439320108,1974.3657342132683
-3051.656548249636,1973.359714670913
-2770.8446728586696,2015.0877980345465
-2923.2159533147055,1958.473679532984
-2989.1065998374534,1975.4872751845996
-2938.19469261222,1924.7169644767696
-3000.9069066892002,1934.7543047655606
-2912.275544105572,1884.4269209439053
-2817.120019799316,1898.2802534757514
-2868.1468050054978,1924.8472004229275
-2751.4980339542376,1847.4787290948593
-2747.8323211196084,1812.896264856259
-2764.686172427579,1851.8669382962723
-2735.2724260615555,1790.9454622494743
-2717.148414630899,1792.7586559399379
-2667.3817037272393,1760.1598096055416
-2707.6762838373993,1812.9452290784154
-2653.7764076147537,1662.4777199990401
-2704.5699246513677,1777.3308685491825
-2704.23356712044,1769.8567899975624
-2653.7735128481995,1782.4568372087117
-2598.006832266854,1746.3941072894677
-2593.1032337531324,1739.792368375976
-2589.9183728899325,1700.3118594253647
-2482.721092564233,1716.8730222676288
-2569.9072707842947,1713.1011740612964
-2582.314259807154,1708.6097220059114
-2543.6111619801486,1647.8399489209878
-2554.5171798944803,1669.3256428960892
-2556.8485925592067,1680.334026068879
-2543.0672335134273,1701.865577224692
-2504.3981937337726,1656.8982725261794
-2480.95723632372,1635.756787979476
-2340.0847772394523,1659.59132153233
-2480.1899461258763,1623.9439760801029
-2457.091289570059,1644.280759212453
-2452.1837946428186,1627.299199693524
-2348.3212650151954,1587.8818393431775
-2398.2381628279654,1607.5074935096582
-2338.9404916211347,1594.4187061614819
-2426.720943776367,1568.0127414208685
-2351.830402568129,1576.1141620219644
-2246.8290127536243,1572.057765908323
-2421.735137138152,1552.7576915102459
-2242.0960808535046,1548.314796259175
-2361.4815264792355,1520.7582672316737
-2290.4046912719036,1517.7905362781667
-2314.5136038233413,1604.154918260728
-2230.4849581225117,1512.0019511182306
-2245.3955185055215,1488.1122305778524
-2289.592048696493,1484.5103080682254
-2080.384588955373,1507.1284545394785
-2235.6783991474,1489.0706761725005
-2218.636140527638,1489.1746646607053
-2181.208724722909,1477.5655966419024
-2147.7511586492756,1357.8362568968118
-2184.397885322561,1436.8401389739713
-2183.0419656906747,1435.4970413021017
-2144.7067491557573,1416.123721713013
-2089.653273421375,1411.9879444628016
-2194.8415130329554,1402.1165705425283
-2202.4601976929875,1396.9990739764096
-2126.8981719294725,1416.6173147970246
-2023.315804114805,1373.9925937504777
-2057.2923143625676,1354.4437939818674
-2103.5712102953657,1403.1605137325741
-2014.0611927833138,1357.1391458524427
-1991.942301353816,1340.5281435693173
-2098.5667624613084,1337.0216572645165
-1897.4627589642243,1365.9597764462274
-2017.6846652168128,1338.7841568079205
-1989.473684572404,1339.1186584167688
-1873.4769321456765,1361.2804974520964
-1958.1940041349487,1321.114566948521
-1906.8969562843276,1334.9026841849907
-1923.6911981897385,1331.1880446539296
-2078.572369028417,1286.022639811489
-2001.8563813927465,1321.238011430837
-1995.3269553863702,1289.1097143419952
-1895.5308981072587,1305.8564661514001
-1720.3594925094565,1339.2686532913049
-1936.397464519786,1286.0894275497747
-1889.6764213120186,1269.694983426298
-1986.8339297460263,1254.3778555456324
-1933.660818007022,1250.3394819287253
-1889.0638703077789,1253.837245679627
-1703.1941559693596,1294.5202543491957
-1932.662015419995,1228.5362567604016
-1930.9050915164894,1229.9913343041012
-1877.2544142164375,1219.7461761512607
-1823.3352499361827,1202.0158751551126
-1698.0898715833976,1225.0654747386318
-1731.447062703406,1196.2524644991934
-1780.146512717416,1178.7576648935453
-1825.8469769416272,1172.4717615389402
-1812.5828865139065,1186.5673964258278
-1780.9452036086748,1182.9927259412718
-1808.2502116427936,1167.1096315650288
-1755.4379718637235,1166.1713302849237
-1713.8830757253888,1135.488822359234
-1721.043262263088,1142.674810056032
-1740.7218587513396,1149.074308548341
-1786.7229315419954,1126.4881593554858
-1640.5544355311383,1048.2300681623362
-1690.8016256978858,1134.7066440407652
-1704.59282932149,1123.1650785472912
-1676.4803738967664,1099.8714596945506
-1677.6533103164115,1124.2826267721093
-1665.273884688997,1093.9734146135572
-1658.0473369314934,1099.9991766720907
-1618.5907478615359,1099.0326080845628
-1567.7606486821994,1091.131758920486
-1561.1144703121272,1069.0730577161812
-1637.2077289022054,1098.488276288592
-1559.2575061388102,1069.299772285363
-1600.3300642108804,1083.1980704176171
-1573.8786614085093,1074.2836909576663
-1583.2404687581895,1060.036260909181
-1545.154441081128,975.9711562614182
-1538.0310779765518,1040.8706629877775
-1653.6106850907533,1039.6675481995287
-1566.3396258834532,1077.1056791630183
-1557.3726022742546,1015.9547790456414
-1538.2947053626094,1064.454570428454
-1470.7125332800297,1020.9956419232212
-1529.6694137979591,1069.8852642159254
-1473.0680953993474,959.5918074919291
-1496.6919825178504,995.0188336496544
-1473.3445122571732,992.8336817019514
-1442.9688427593992,933.1344676834427
-1449.9374670265083,974.3511164340292
-1476.9978141191627,979.5630254108229
-1494.3246667987482,1000.0157888662942
-1457.2008617574281,982.7525456138812
-1429.4513866495597,972.0438975685271
-1470.4174817710723,972.0455952172108
-1432.8818813554617,974.639336185398
1248.4315996000155,1497.4527252227388
-1367.3751956524109,787.152549151713
-1334.358370569783,954.1579375553546
-1430.4088155061331,954.1639755331252
-1403.017833152651,949.5509525031664
-1366.6548321252576,888.2040324343055
-1456.3380735304108,901.8948461723245
-832.780885414987,1025.519545880743
-1399.161223323659,919.323611867358
-1388.8767401526877,914.4241204805293
-1365.0215613734974,903.0009238899347
-1346.6172449922299,903.2563975034748
-1290.795742716152,877.8986279356816
-1284.1090022911865,859.7188731935288
-1308.8527550365618,853.2038792154603
-1321.3880166928275,867.3624474782301
-1091.3043074954774,870.800216508315
-1289.1684109013204,852.6520650070714
-1203.0208055558248,711.6683742327605
-1253.4928453630694,837.1114420999743
-1170.0728562661589,808.9479430993464
-1187.7005631339716,828.4739012412024
-1008.8010489450434,865.14598542403
-1192.7541618209334,815.6855225214405
-1197.0011960796392,818.2472816246415
-1212.3938743113918,812.8139510583509
-1154.211809821267,811.1136903598979
-1156.037555885787,813.4966199591371
-1208.0078142627822,809.423443607999
-1173.3372066260729,795.0235786171183
-1194.5539818334512,792.4299677979172
-1271.376840092984,774.1179402563299
-1177.9171411127063,788.1038536289296
-1185.7529924819364,783.878249905335
-1287.1249115776284,762.9881343990332
-1205.6648204270848,764.0018344586767
-1144.207648044681,768.4296659576326
-1194.590858137178,751.3598255547611
-1174.2910393684158,761.636173775164
-941.1304880948466,789.081498664806
-1141.0284446329651,751.4743176937396
-1101.4993335342642,724.1194482594715
-1147.4630249330871,703.1307722499273
-1097.9982559915659,707.5934792851637
-1128.3098655114884,688.450204658499
-1036.8518012531483,691.1137035467425
-1030.315899728622,692.0672594524129
-955.7805574808947,705.1928870045072
-1051.82277592565,680.0000443359363
-1008.4228794199428,675.1949161179319
-991.6263625045896,677.6259712491374
-1095.2134216217305,655.1882034222558
-1028.1246636915046,669.9430885892924
-999.1516530218336,659.7859585339155
-1016.1103966918748,657.0918253719586
-983.0029072002924,650.7354622135633
-975.4852999811997,654.6031351636569
-885.2107263286778,669.603465262775
-877.0787088937631,662.6046604709903
-980.2145194298025,638.304135441308
-945.3790097776114,642.4917385496562
-959.0946677681364,629.3082605059315
-939.9476762075514,628.9759989430013
-942.8814848522981,625.7421016148053
-944.0094180864339,625.3571712679166
-890.3084660635699,519.1216399324096
-852.3375671945116,628.2582053632789
-884.5348235127225,620.4335360934697
-939.7818142901015,613.7073003721391
-847.0799407682009,619.557281390147
-911.197211419571,594.1415431537041
-892.2247115521187,597.1750424307155
-904.7235113519573,587.2899781937646
-901.1289223341057,572.2017537773044
-883.6544843387524,575.6176526255666
-831.6524738696526,581.1957133261275
-781.7147160884604,354.2306385521598
-900.5102331738248,564.2830826328571
-862.4151977317455,573.1642158108407
-834.051997488949,557.0648116775903
-803.1965314506542,536.5933488279932
-858.9415906875554,551.4996537021597
-860.4352508243035,550.5152751373728
-558.403481929393,591.4238601481845
-802.4595590140481,548.3599356770877
-833.2627886666039,551.9931988598341
-839.2363362631459,537.7064583387186
-762.8350347229718,506.64087243473705
-745.1010753444358,488.24643705218494
-798.2482815823815,552.8574803851918
-717.3134399372589,480.45367520769514
-733.6827046945447,512.8534202286215
-758.3860326302822,518.2787655551758
40.994325073843655,649.1380253494109
-702.7966934056402,487.40099608872697
-731.4392353174937,503.8847334495941
-666.0274981876622,469.961666187177
-702.482037617149,495.91732498657143
-642.8489318171813,456.43680923431236
-629.1500632240557,370.2912858117699
-653.345470520331,448.1939240121615
-605.0382034520946,419.9235512499382
-582.0070761036762,356.1344204618236
-617.7839836031334,430.19411900687555
-603.0566871757816,413.7546112833082
-579.2422179325713,408.9926494874079
-570.146498000004,415.2335293342915
-673.829906075786,402.97469644768967
-564.5295327587105,413.3797802014861
-561.090438910714,391.4507705908516
-561.5323727192061,390.68097915604756
-614.5269891154724,395.6301945056898
-551.4116570659239,388.09734964735503
-476.5018903674973,378.53890397403745
-435.55526712149987,380.45950493800103
-555.1985781999817,360.24029096065476
-367.5582040045614,388.704521776651
-550.1549146515207,412.3236980671147
-440.3583562086197,353.62767598068723
-490.1256407751968,358.989965315028
-548.4718811699823,346.077469677853
-445.46244758212316,357.532304992235
-481.54642238237426,346.32167452963296
-516.061876662918,341.3580391939025
-555.8866515940767,334.785264565905
-551.0797044202704,331.60399503547495
-470.2400331259788,331.37527574417504
-515.9419729343829,326.0344828403936
-490.06412676327886,321.70400989842653
-406.57231208712096,327.79732943811445
-456.53906933866375,319.7817478315143
-497.910176518071,309.7000475703515
-452.0515265604859,320.41775286267165
-488.68537744216894,309.6006374173093
-487.9065311048146,287.5466663669428
-386.7371289484775,297.504351172025
-505.50746203128017,274.9783987204142
-393.3271460420476,296.4544491984663
-367.17446935204913,286.1684996892205
-421.1027855370347,283.75830181018955
-387.8780679727317,275.1556188176966
-341.07804301483054,283.25999700878214
-409.40994330356716,262.89596180394807
-425.8838877462611,262.3227614438637
-433.06956449669684,247.4523033304476
-326.0317446826842,253.40701155861163
-333.29165507072,242.33841026342705
-330.76831957429164,238.42566238622732
-391.7091935800573,225.36530020056023
-395.243294475598,220.0402041341409
-349.88220803044084,231.27286217416022
-349.2666863890681,218.03458212935925
-348.4535109985884,223.1356912543357
-302.36647425162056,210.93376270716377
-282.0653033903626,190.27970191922833
-285.60311878659957,196.4961911162624
-281.52962155869596,176.93270384342736
-266.7318888136336,167.30813857955508
-227.86747463781845,171.098656073961
-157.20653910537462,111.91935531223879
-264.3392542090299,138.7192692585293
-198.15063892208443,158.41195901885985
-266.1124907677433,132.23798563107238
51.36839276177297,185.38895223796143
-161.6671862226688,139.31662880943327
-188.5278900406497,131.92830645154677
-123.42450913478915,145.8149337075284
-197.83982679801312,126.6940331303171
-171.27301431932636,124.89215593505939
-68.73831775284584,98.01475795250862
-55.508868827834405,60.3553490196212
-154.9851293520535,108.10941850535815
-157.64109569112142,97.79960285223498
-108.72399895492704,101.45835834946116
-23.579152677145835,-215.36433949512698
-196.5485873779478,68.12562564891634
-92.267841603079,90.45928226476694
-58.51652405681716,79.84528068628215
42.539859312727245,77.69718304294983
-45.10927724354265,65.29385059578115
-57.654027787695696,62.144020583046974
-52.91594943164579,58.56380533189774
-38.69830967769444,46.69942798588449
-120.60405899887151,18.84754692765716
-11.006468056603335,43.81823790781183
190.0279872025908,75.64049148947916
-7.700455674805521,36.010398878864954
74.61966169604591,46.58683990925195
232.3403353111437,78.2288465689047
-4.74264285716756,28.95436347233576
-29.83312432204738,19.147300809939065
4.924584129753984,27.02580088453428
-1.7047313206843975,15.488621728595385
191.36343850645451,44.18629217187159
73.30528817587222,21.44220030105583
10.814146931747507,8.797123444214707
96.12696189618791,17.771277476260067
205.3912021281452,35.921715316888125
116.32683940577449,13.626553020389533
-74.31984767325369,-26.62660115681508
35.95150142673602,-1.8251882524552563
0.9484618331188723,-11.319699974297942
-55.73306639173081,-24.161424838818263
3.3032224849459495,-19.278393387141307
89.42008327080445,-7.998685202452314
-4.614369481389,-24.91766057892763
31.4623232197327,-33.08083200655746
114.46062985943611,-44.534114979907926
216.07780441715556,-99.33730280773405
216.84024001496394,-61.25449671757339
112.37182073261326,-81.2029965389591
212.50097645919053,-160.42445032008385
52.74508477727757,-98.63277711306856
190.47173063806753,-81.78785223877289
239.907064538276,-71.2860157235804
75.58223463638085,-106.43634178106444
295.17667614399454,-67.21721405643916
141.05931287700218,-108.46745406005054
210.68305838706266,-118.46975381704101
355.24259479533004,-86.30472224849082
181.99020544027385,-122.0274757013624
204.15920186100988,-128.3548836751356
256.0441593848651,-135.97661541877432
204.5714652249267,-127.65489519581305
201.95990685713306,-132.8649326249716
307.9427795931023,-140.5219977315828
208.77770591761262,-134.1822185729837
227.6368829165265,-152.16850194123592
246.51523755328216,-169.84295724479787
258.20344124296594,-171.41523303703076
293.3224190771343,-169.290801179354
263.1084138940205,-179.4217598950646
326.27880684416226,-180.83688242431154
238.21768993747094,-205.67220333418413
367.67403753112416,-179.4943032913053
322.32349459230676,-199.85772072017133
409.48714595939447,-186.6715730788764
297.8264303825529,-216.62345221557956
364.6513235910569,-204.85950582393755
366.6733397236146,-212.15568893455992
328.36251301900586,-231.9412907187368
428.79378327663017,-214.04209624988624
320.1801387247517,-237.95015950918966
400.73005700727003,-238.8127142751271
435.2646877379312,-237.62600543889977
410.47205628162436,-243.2852483068215
365.01037913729044,-253.398518461574
455.2816925945135,-239.259579161066
417.22964083115573,-245.8242869839125
380.3142402593366,-264.8175099193949
531.1382394302511,-242.18473609663914
459.53145273957506,-286.99569887227807
459.090711459598,-286.4009820878914
474.9026546074849,-288.0791638630084
504.4386053520966,-285.64082374886647
489.9732160792739,-294.61876478347097
666.5943097094346,-261.7346113815549
497.79732531012814,-306.0452256727474
497.25746518215146,-311.936318474363
484.2612973912979,-312.6125316130535
507.7905331441252,-321.7525544819259
501.41924888538847,-321.2234391938057
504.90169509377523,-318.46868808156165
500.75194181829903,-334.9915139094697
607.4521101319161,-318.2349058026141
628.5263196916118,-322.1236562559184
571.2550095194688,-338.5037395173426
519.6957778618255,-338.40487834971503
591.2823862000569,-338.8649419772791
531.9849488756913,-350.6033193348735
548.956865769942,-346.6769998259896
615.9238514125449,-337.47375819488053
573.5465049706373,-343.840445697543
619.1257302464178,-344.14004346242166
538.0810585238409,-355.5022797737173
545.2243423261638,-374.1621730511825
922.8462513540125,-319.7730897637727
656.5636764245637,-379.8388789894815
611.7177920537538,-399.03609163147934
671.0559586770418,-456.45586801336725
623.9973654160004,-403.6228416811607
599.1478550663056,-411.78076531253015
1047.5024593490239,-350.66684115154476
701.8779132217683,-444.7114906662635
702.8179467178569,-442.00470142308706
688.2795885732108,-428.1049303702684
701.0939422681977,-427.9515518493674
722.658796930283,-454.3976976494415
695.8233054936284,-424.4067060720214
704.1752684316509,-425.86683489569856
780.2022155431932,-436.79691495564896
712.7660318338628,-442.4846971890001
775.21288471356,-448.1688411040652
814.3065380141824,-485.0493913618318
728.3025445960345,-446.09770661268067
728.7106928526465,-463.37667068308207
737.2231534249154,-474.7987377980291
818.9340851610291,-483.32199361825184
815.1506981050833,-499.2800952748267
746.1493298425236,-513.8209162825578
763.8963724606036,-519.0088922555957
794.8011840586452,-518.3280276291006
801.2036789924018,-522.8056169327488
839.1961864961096,-532.0381864559706
803.592009235583,-531.952712147575
839.7484012750563,-534.9820072179052
869.9162580156981,-533.0464042416523
798.904846420518,-554.4630640330972
929.9357539260114,-570.9659808943999
834.026393141977,-555.1465558409878
868.2127711650561,-548.4739956995502
813.0670586754102,-566.3815748067176
862.6815881687811,-551.4878645996345
891.3673705956338,-564.6696082462172
890.1739265038183,-567.7680362910171
886.9249477731976,-563.60957265404
880.0384471142199,-572.7729959753858
930.3726522120422,-568.4270847858894
977.4285749674544,-569.263752129146
931.0800463350249,-582.7463855411875
1013.9469130570542,-598.9590842794511
1025.5501519229042,-574.8275374320426
912.7854861446388,-611.7351732479999
971.2325678726392,-601.5409395017246
972.7010705216733,-614.7072803694792
1094.3395820489864,-599.0619221603309
1005.0906026362526,-617.1127226646375
950.9336247314429,-625.829604111728
904.4232854930754,-649.926026683387
949.4094761173152,-640.8645996836909
933.9367235459741,-647.5689760952658
957.2071473215467,-645.7553583664734
1066.0126726063809,-627.5269343700838
1077.247886257784,-850.5677407052746
1043.765354689473,-638.0281534177817
1005.7014096540241,-649.4645656552118
1057.1758184038306,-644.7513844808549
1023.9600738262706,-651.3078404954113
1027.190475405598,-660.5395187633892
986.0647603793245,-673.8589667235951
1029.8962867645128,-683.3154742249812
1122.945659803264,-669.6858782196053
1031.5367833474982,-690.9833063229173
1149.2131735576456,-680.1349409624831
1141.8896911974537,-686.0726857937815
1053.2083407083353,-700.5164834074293
1236.395535783164,-667.8647821662447
1159.3104759807811,-699.3275997899908
1316.0762833747683,-675.5298364403853
1151.0583568791728,-706.5596815895444
1206.0651137719785,-706.8182548630774
1091.0844475050699,-732.9710543873142
1202.5603755412083,-715.9661368266919
1080.2724333079148,-739.0024959942263
1136.255207559936,-744.2179401805697
1089.6557480280464,-750.5269967355478
1239.3179171082256,-730.8189822091463
1149.6942307469344,-747.0918431012517
1148.2100085765721,-765.9285652602751
1227.635624066459,-754.9662836844627
1134.162160352804,-785.8609588892564
1272.3906083151599,-774.4610300647385
1205.2582869821354,-786.0039189092176
1215.271829033303,-787.5194080457591
1237.7533306282407,-789.374368552141
1279.3829596680914,-791.9967148065285
1288.9639189031964,-798.1235259852249
1265.2437624810884,-799.2066749594479
1434.962173998912,-766.7875241355822
1268.120081246845,-806.3693146927833
1285.0670971576767,-812.8816267645745
1294.7727162578926,-814.9589555792417
1268.5965047603374,-824.8763668005931
1251.1769412786944,-833.2747921905293
1361.5153997719376,-822.0917541353011
1292.2761963149653,-834.0021704210078
1275.7017473762874,-839.8421696234944
1399.4646084989758,-835.0330084101187
1372.8619703702975,-839.2887787439822
1301.4937164197904,-789.6277117881019
1291.6785035004775,-864.2602071577728
1342.6344052686638,-866.787643818378
1408.4939795036928,-854.8126250818414
1479.562646876717,-871.7016967771806
1335.858308698199,-893.603151242672
1359.9229719743942,-902.0489523941714
1343.9509082828174,-908.139797978533
1463.8233017209175,-918.1557684170963
1384.3462235205152,-912.4881801502702
1476.06962990221,-916.4487951139735
1453.7261134183334,-917.8950474009338
1403.2180449086395,-928.7766283781996
1488.5125571179542,-1025.6703893298547
1491.1866731947323,-947.4045975904303
1516.7005523620273,-1128.5962912476555
1466.7332751919698,-920.385745790671
1442.0959338566481,-935.406281836714
1472.6285017906173,-930.5310465320619
1500.8342184017902,-939.2269014507999
1543.8147445523605,-953.9277870280844
1518.4852271931036,-956.0399392919738
1438.4185411245428,-968.9377417209721
1528.069538868389,-1023.4472611006798
1512.700502022073,-971.0750158849028
1531.0211897772163,-979.3822346035575
1515.0114546323546,-917.7916778790282
1577.6457654602566,-992.6860361907482
1534.0013028041024,-968.518716320358
1523.6860633953431,-989.0264227975273
1569.1349157219338,-1004.1636640541357
1578.359436128545,-992.6161207130016
1550.4041320660458,-979.5510505093833
1696.8791858019797,-987.2382689785966
1560.020079627293,-989.3291482907917
1559.4924905924736,-1006.7765361243561
1620.7084357423835,-1017.1356136064962
1654.241223319237,-1025.5500080469262
1635.9248568772816,-1055.7884371176465
1532.0457046900406,-1023.9522635036014
1593.5036492039153,-1011.8662344212996
1606.6792039121747,-1030.330102618375
1614.3174044710759,-1036.7591469973922
1550.4440974016325,-1044.7019934631526
1604.6366605824733,-1048.7144080821022
1672.629369066964,-1055.5275779764538
1690.6233199028509,-1052.6625895536745
1735.1442678591163,-1039.4101294621198
1649.1167190959259,-1067.671674193193
1707.219538088607,-1064.585669660355
1639.7945634001687,-1078.9244581013943
1786.9994295230524,-1060.0435510804587
1672.2769791763876,-1088.881623506319
1678.2334999344644,-1085.05455640132
1652.341980995846,-1039.6798911983306
1971.421991141167,-1048.5352141086023
1786.0942131515437,-1104.876291035254
1682.4554794843373,-1113.0777906452158
1724.588734389669,-1118.7510169368843
1686.5899194800566,-1116.9817670676878
1751.820850117978,-1121.1361234289757
1704.0413589961754,-1117.7758485228667
2182.1904463583596,-1079.4660660601899
1771.5125484793343,-1152.8369333514167
1739.5470003830667,-1167.4915082365146
1777.3717184935201,-1170.6998853187417
1762.9938712936294,-1154.1310948601692
1729.634049922149,-1180.9470309751773
1799.3764102899381,-1179.955188408297
1863.8276115693827,-1207.7987746181393
1779.3199980911484,-1153.9214833370659
1851.5443104479812,-1196.1754944454883
1858.5363622006219,-1186.8536607026992
1967.530929901125,-1169.503737978887
1897.268744109396,-1187.6542391087971
1799.8116977999885,-1200.7279472659238
1857.196704745556,-1188.7540151598055
1822.113822423217,-1193.9927899561894
1907.3749546998965,-1213.484847665597
1921.7708703164606,-1217.1724066239024
1854.0364729713792,-1228.9963700709532
1957.6070986494376,-1229.9685042118256
1965.9269816775657,-1223.9605795959465
1939.409594038896,-1257.9662094345822
1952.2647137562062,-1263.0094724944292
1983.2582623162496,-1256.2662243851717
1898.0762893542415,-1229.401919581745
2004.9854048928057,-1255.6814788015502
1935.6788514217944,-1281.2596727582866
2002.8918123727099,-1270.1378901872108
2058.28662348108,-1279.040816723105
2087.4592029267546,-1275.0359075615113
1969.9160713017436,-1308.8205696829489
2010.6169377189442,-1304.1093725618648
2014.3944125822647,-1311.1417350881504
1989.8240362237093,-1314.7341170884122
2021.1788285619668,-1316.28319320106
1950.529083841142,-1338.860208866845
2087.2210015090873,-1312.0790656339855
2075.6494286777533,-1324.1006012462387
2069.4515032492186,-1332.0957744365564
2069.565756217491,-1329.2459812211023
2010.406752267447,-1346.2504405868935
2025.9779182988257,-1358.4604419801767
2098.4093457703325,-1350.9952391721993
2122.07072212249,-1484.108691339802
2160.1289735712535,-1354.413845059705
2063.568828039821,-1368.4139253427209
2166.8140709021436,-1360.1764544792338
2127.7673931659456,-1371.8332093183099
2071.6555210009983,-1379.1884059763968
2069.2811067637213,-1392.6880658132761
2099.0551090966537,-1385.3172035231662
2076.7677137535766,-1400.5735009214047
2134.427882656117,-1403.5659344035887
2161.9666040358084,-1406.0850718740157
2166.8493363150983,-1406.3190208084907
2140.146462568994,-1417.8082749840946
2112.6282225700525,-1424.506694201785
2181.4846330928804,-1427.446289274645
2152.3657119765703,-1423.9446669591318
2479.2862429851075,-1404.2820313480238
2188.032039691696,-1427.8804493459377
2502.99997177054,-1402.2219901006886
2349.3946976269626,-1430.2360890747195
2243.310080328732,-1465.1992178944888
2307.146806188042,-1445.486186906821
2190.354623956129,-1457.1323685369225
2242.76229554311,-1458.1064212422502
2270.1110234102725,-1482.6190302406335
2294.1445387659387,-1462.0076999352736
2297.472963505612,-1580.4205500538096
2264.616269358825,-1478.7322950557264
2256.4724448146762,-1479.1398628067964
2277.053094025563,-1494.408287062079
2270.445530888505,-1504.1480486980786
2233.212066289367,-1506.0496890590916
2333.9687444392025,-1528.1735575039695
2431.6356054142234,-2075.3811188629165
2345.524159145418,-1574.4975693333583
2721.489362680006,-1462.6914748400702
2360.176021665545,-1641.0815851271773
2300.4074589563456,-1521.6570095615625
2297.2600055463754,-1492.2488743386834
2373.4565188655015,-1588.794596005567
2377.199016684605,-1616.6645332208648
2302.3216537354174,-1537.4592831898017
2355.6592336205836,-1538.7821872435293
2363.3816655929145,-1538.6477572392735
2340.737675598978,-1528.936188305737
2362.295537937553,-1550.3608952542638
2321.3673131727146,-1519.4315418651436
2384.4224255101594,-1585.0271121477635
2465.285469016425,-1929.175464642459
2364.7709747320305,-1547.713270175062
2447.0648836187775,-1770.429087507497
2400.504187317088,-1569.6113475376558
2389.3778949196458,-1559.3888250761472
2369.0410819286553,-1561.596984544694
2445.48090678579,-1661.0779325380415
2449.467228501272,-1596.3164912660077
2396.264021335391,-1569.519942809982
2502.47116589651,-1589.2877044243041
2510.368068004845,-1592.8032486856468
2561.6315740229247,-1583.9315424534132
2462.781816286596,-1667.1037463014493
2417.9554086503076,-1586.6674872200963
2342.0113633197416,-1612.5511674673112
2416.3841205452322,-1564.9100106626481
2417.294563214703,-1562.2382892519097
2466.1913682864943,-1645.1784830208505
2427.7900193453033,-1579.5463795093763
2438.8006611103942,-1608.8432928735363
2451.186373351259,-1614.6291894148032
2486.049391547597,-1629.2762393710593
2467.537433709205,-1622.328220500118
2465.9121701974077,-1623.3475689053869
2464.9828875886888,-1618.293742664739
2552.664433614144,-1624.5817290758646
2437.8694691935707,-1577.2774511019356
2494.2524693492333,-1638.4182114207347
2469.1092646515085,-1587.8385739504047
2483.631476185413,-1636.3648185703717
2471.6312874955647,-1605.7817421978768
2538.342946874209,-1675.375003783304
2510.064072622589,-1647.978691538106
2539.9966468129574,-1666.6006415753309
2568.583803277295,-1719.4475180151592
2530.7306611793188,-1669.0302067444313
2560.9066956882107,-1672.8151371571607
2543.844405889579,-1683.649767559719
2570.351017508241,-1688.678078132474
2537.6770726798454,-1680.346162489461
2546.3701679220435,-1684.0717791975346
2573.4158602332814,-1702.056593673686
2629.433626087031,-1794.6977712815378
2708.08694354847,-1718.0290741783324
2651.594684090064,-1731.689489416716
2614.9279310245447,-1719.9182316033957
2593.9678543852237,-1692.1289438294914
2629.63260199932,-1727.302632548751
2784.1705640136815,-1741.870664172055
2631.834404381641,-1747.9198013900173
2924.089372574837,-1710.7890543547253
2659.8613712361116,-1762.1489599650927
2639.76689592375,-1763.0910986596928
2652.616562039992,-1771.7235243124417
2755.004852053929,-1794.5619637744483
2808.778818950838,-1785.9981551883577
2659.3276088147204,-1783.43965414671
2720.7606261494766,-1805.8582169035735
2695.4463521096054,-1797.8283632012594
2708.298888998898,-1802.7595439745016
2736.998848840039,-1823.4445623317772
2807.7098612869854,-1823.9046751038104
2805.364431680566,-1991.7337365072076
2728.5443639820205,-1822.2801727060366
2779.4600710158215,-1841.5705367088285
2746.838460043221,-1825.6257617148085
2824.179216462758,-1978.8963476549877
3302.9967018153443,-1760.888569717882
2793.943452103998,-1855.5174302077482
2781.8291372824315,-1856.993673066861
2757.471711462552,-1856.4881019991112
2822.6496660932835,-1866.0511318248264
2836.559954616809,-1872.14686077399
2853.9627510054233,-1924.6477620149863
2861.9927553918446,-1922.9342084285358
2841.8587545844807,-1874.5427305904204
2825.3685218640317,-1878.4695168311705
2864.7798035072838,-1897.261247745279
2872.962856481784,-1941.8475766914733
2830.1118767205835,-1827.9888088641326
2815.3515378203074,-1882.043353159161
2921.612757299166,-2160.3552433304462
2890.9398118599875,-1990.9867918410555
2862.709454829227,-1876.448028186851
2892.4130671230164,-1930.9787188313219
2914.989425705936,-2014.6516064960808
2897.8415018241226,-1927.8252416695718
2899.6840291384037,-1910.160548612684
2915.636792897823,-1951.0387017639137
2902.9842275323276,-1907.7134435816831
2911.7355653997697,-1921.410063269237
2926.3227918219504,-1951.4043583798143
2912.965225903962,-1894.4600556906548
2920.600000566933,-1905.8810097637725
2922.4689802368166,-1894.2970270242847
2972.0172555241074,-2079.1774627319546
2934.775957844556,-1909.051221840021
2955.2604758980833,-1985.5646798787452
2957.5715571396613,-1992.1123475252482
2972.327537254204,-1993.17755116963
2986.134652421008,-2069.6671600637155
2956.395179691143,-1908.720423043997
2968.3577869662795,-1945.0513261232722
3002.5701194158128,-2016.6498170903471
2993.7370028340206,-1976.7986233084175
3049.397229286174,-2225.9044804312857
2987.2599886027633,-1947.663909947374
3002.028368193672,-1928.5641260610998
3017.2447367457,-1985.1154601736657
3047.7637315460574,-2080.8359383668703
3003.450355552211,-1948.2433248869363
3023.6084259947224,-1983.4157812387996
3019.908659305972,-1971.2790894007194
3041.4105317810236,-2019.8736764087087
3052.9174368078416,-2035.7281820724245
3039.7863567618137,-1973.8316885246707
3093.709860981128,-2185.425965910761
3080.1777058643133,-2053.406872097665
3059.3465494808656,-1975.36843222565
3083.544537183427,-2016.0964753305013
3118.677321613462,-2111.017329670532
3117.990927772077,-2104.4966631892225
3107.805747349878,-2065.592932647878
3143.4987291207703,-2131.066990428311
3144.97064259429,-2122.7613994861404
3136.086664899606,-2088.124236100366
3140.0243779099974,-2084.8942411423022
3198.5413050772354,-2124.531896207216
3130.5081215276173,-2045.0820767384373
3151.4713455756896,-2106.8479742532363
3162.202250040818,-2140.1927114587647
3167.292654068543,-2136.462131461105
3194.6511418855575,-2250.625300608936
3179.9115201044574,-2160.675613549162
3175.396680118193,-2129.643326507454
3172.4782272520033,-2095.0182812563776
3187.6784156889776,-2163.099822540287
3175.5991425992656,-2093.0320846384698
3177.676124367414,-2097.5849411225845
3185.4597693724845,-2132.3883092204214
3181.423573889636,-2116.0023530546437
3178.729294816316,-2062.301048380193
3186.032276983092,-2105.3421855496285
3189.6004437624047,-2101.3960212254938
3201.981909509239,-2146.0950469763293
3203.483731953686,-2147.5257625019417
3205.6042795494986,-2138.186124592243
3212.9835675174418,-2161.3536397039484
3210.0519695744374,-2116.780696992576
3234.2375452287647,-2194.0987683333187
3233.0456515450624,-2201.8328648259317
3209.0420267441823,-2072.145482880823
3254.6844558930097,-2222.663836133403
3245.208184757896,-2179.071663204353
3235.5018565828022,-2124.7587395661753
3254.2690968247266,-2204.5851419031724
3268.1069542555556,-2248.1359645316143
3240.8883095031597,-2106.970930344244
3263.5635495035976,-2205.0046512542485
3247.291062515267,-2150.2614327698025
3288.3613631950448,-2211.2099468226693
3288.7729397610274,-2195.7206533128756
3280.097072353641,-2157.433939391964
3281.2765408106447,-2134.591899752727
3317.5194893721473,-2360.7547051788993
3309.6308483589455,-2247.45011519577
3301.6543417276157,-2206.9873286042716
3310.4826856605755,-2220.226938918879
3331.571757944054,-2253.1451684659296
3336.8229967595266,-2234.3657583796103
3334.44161048299,-2234.1931532919816
3332.517556310177,-2204.9318160716844
3344.578357512058,-2223.431275885904
3369.5808200097654,-2252.852390751553
3393.6413532386414,-2255.5470466527922
3367.0969392642346,-2262.8271802532818
3339.243865133705,-2261.1445502766983
3379.596869031755,-2235.23364816624
3354.3003225429384,-2278.1031939442223
3408.5266728269326,-2278.7730715534594
3405.654332452597,-2284.3221905589344
3433.40446417734,-2299.801884203224
3483.118344444306,-2323.336255538922
3436.1852609715183,-2310.8883929687736
3441.8190427872896,-2315.21084335048
3486.8220694509537,-2424.8423840826886
3762.59804723879,-2282.284381924919
3539.9285336754065,-2346.4551667839823
3391.7999749189084,-2330.6938624315285
3447.462529773151,-2302.671853356841
3473.0523947018555,-2375.6243136708636
3473.352500320418,-2359.029265093997
3494.05348187832,-2393.137326629438
3613.692955253424,-2353.5920243211094
3471.036232808827,-2363.489475098688
3469.6756733386264,-2355.5948726144975
3457.4146815344084,-2352.51508143435
3529.2211548024147,-2414.5576299066847
3487.0360085924476,-2369.2104360183853
3490.821930299394,-2376.015644309615
3487.0913582606936,-2376.454671616312
